fullName,email,phone,tier,role,status,profession,address,passwordHash,startDate,expiryDate
Venkey,lingampallyvenkey@gmail.com,+44 7890 123456,Life Member,Executive,Active,Senior Software Architect,"Chiswick, London W4 2AB",pass123,2024-01-15,Lifetime
Venkey,lingampallyvenke.y@gmail.com,+44 7890 123456,Life Member,Executive,Active,Senior Software Architect,"Chiswick, London W4 2AB",pass123,2024-01-15,Lifetime
Venkey,lingampallyvenk.ey@gmail.com,+44 7890 123456,Life Member,Executive,Active,Senior Software Architect,"Chiswick, London W4 2AB",pass123,2024-01-15,Lifetime
Venkey,lingampallyvenk.e.y@gmail.com,+44 7890 123456,Life Member,Executive,Active,Senior Software Architect,"Chiswick, London W4 2AB",pass123,2024-01-15,Lifetime
Venkey,lingampallyven.key@gmail.com,+44 7890 123456,Life Member,Executive,Active,Senior Software Architect,"Chiswick, London W4 2AB",pass123,2024-01-15,Lifetime
Venkey,lingampallyven.ke.y@gmail.com,+44 7890 123456,Life Member,Executive,Active,Senior Software Architect,"Chiswick, London W4 2AB",pass123,2024-01-15,Lifetime
Venkey,lingampallyven.k.ey@gmail.com,+44 7890 123456,Life Member,Executive,Active,Senior Software Architect,"Chiswick, London W4 2AB",pass123,2024-01-15,Lifetime
Venkey,lingampallyven.k.e.y@gmail.com,+44 7890 123456,Life Member,Executive,Active,Senior Software Architect,"Chiswick, London W4 2AB",pass123,2024-01-15,Lifetime
Venkey,lingampallyve.nkey@gmail.com,+44 7890 123456,Life Member,Executive,Active,Senior Software Architect,"Chiswick, London W4 2AB",pass123,2024-01-15,Lifetime
Venkey,lingampallyve.nke.y@gmail.com,+44 7890 123456,Life Member,Executive,Active,Senior Software Architect,"Chiswick, London W4 2AB",pass123,2024-01-15,Lifetime
Venkey,lingampallyve.nk.ey@gmail.com,+44 7890 123456,Life Member,Executive,Active,Senior Software Architect,"Chiswick, London W4 2AB",pass123,2024-01-15,Lifetime
Venkey,lingampallyve.nk.e.y@gmail.com,+44 7890 123456,Life Member,Executive,Active,Senior Software Architect,"Chiswick, London W4 2AB",pass123,2024-01-15,Lifetime
Venkey,lingampallyve.n.key@gmail.com,+44 7890 123456,Life Member,Executive,Active,Senior Software Architect,"Chiswick, London W4 2AB",pass123,2024-01-15,Lifetime
Venkey,lingampallyve.n.ke.y@gmail.com,+44 7890 123456,Life Member,Executive,Active,Senior Software Architect,"Chiswick, London W4 2AB",pass123,2024-01-15,Lifetime
Venkey,lingampallyve.n.k.ey@gmail.com,+44 7890 123456,Life Member,Executive,Active,Senior Software Architect,"Chiswick, London W4 2AB",pass123,2024-01-15,Lifetime
Venkey,lingampallyve.n.k.e.y@gmail.com,+44 7890 123456,Life Member,Executive,Active,Senior Software Architect,"Chiswick, London W4 2AB",pass123,2024-01-15,Lifetime
Venkey,lingampallyv.enkey@gmail.com,+44 7890 123456,Life Member,Executive,Active,Senior Software Architect,"Chiswick, London W4 2AB",pass123,2024-01-15,Lifetime
Venkey,lingampallyv.enke.y@gmail.com,+44 7890 123456,Life Member,Executive,Active,Senior Software Architect,"Chiswick, London W4 2AB",pass123,2024-01-15,Lifetime
Venkey,lingampallyv.enk.ey@gmail.com,+44 7890 123456,Life Member,Executive,Active,Senior Software Architect,"Chiswick, London W4 2AB",pass123,2024-01-15,Lifetime
Venkey,lingampallyv.enk.e.y@gmail.com,+44 7890 123456,Life Member,Executive,Active,Senior Software Architect,"Chiswick, London W4 2AB",pass123,2024-01-15,Lifetime
Venkey,lingampallyv.en.key@gmail.com,+44 7890 123456,Life Member,Executive,Active,Senior Software Architect,"Chiswick, London W4 2AB",pass123,2024-01-15,Lifetime
Venkey,lingampallyv.en.ke.y@gmail.com,+44 7890 123456,Life Member,Executive,Active,Senior Software Architect,"Chiswick, London W4 2AB",pass123,2024-01-15,Lifetime
Venkey,lingampallyv.en.k.ey@gmail.com,+44 7890 123456,Life Member,Executive,Active,Senior Software Architect,"Chiswick, London W4 2AB",pass123,2024-01-15,Lifetime
Venkey,lingampallyv.en.k.e.y@gmail.com,+44 7890 123456,Life Member,Executive,Active,Senior Software Architect,"Chiswick, London W4 2AB",pass123,2024-01-15,Lifetime
Venkey,lingampallyv.e.nkey@gmail.com,+44 7890 123456,Life Member,Executive,Active,Senior Software Architect,"Chiswick, London W4 2AB",pass123,2024-01-15,Lifetime
Venkey,lingampallyv.e.nke.y@gmail.com,+44 7890 123456,Life Member,Executive,Active,Senior Software Architect,"Chiswick, London W4 2AB",pass123,2024-01-15,Lifetime
Venkey,lingampallyv.e.nk.ey@gmail.com,+44 7890 123456,Life Member,Executive,Active,Senior Software Architect,"Chiswick, London W4 2AB",pass123,2024-01-15,Lifetime
Venkey,lingampallyv.e.nk.e.y@gmail.com,+44 7890 123456,Life Member,Executive,Active,Senior Software Architect,"Chiswick, London W4 2AB",pass123,2024-01-15,Lifetime
Venkey,lingampallyv.e.n.key@gmail.com,+44 7890 123456,Life Member,Executive,Active,Senior Software Architect,"Chiswick, London W4 2AB",pass123,2024-01-15,Lifetime
Venkey,lingampallyv.e.n.ke.y@gmail.com,+44 7890 123456,Life Member,Executive,Active,Senior Software Architect,"Chiswick, London W4 2AB",pass123,2024-01-15,Lifetime
Venkey,lingampallyv.e.n.k.ey@gmail.com,+44 7890 123456,Life Member,Executive,Active,Senior Software Architect,"Chiswick, London W4 2AB",pass123,2024-01-15,Lifetime
Venkey,lingampallyv.e.n.k.e.y@gmail.com,+44 7890 123456,Life Member,Executive,Active,Senior Software Architect,"Chiswick, London W4 2AB",pass123,2024-01-15,Lifetime
Venkey,lingampally.venkey@gmail.com,+44 7890 123456,Life Member,Executive,Active,Senior Software Architect,"Chiswick, London W4 2AB",pass123,2024-01-15,Lifetime
Venkey,lingampally.venke.y@gmail.com,+44 7890 123456,Life Member,Executive,Active,Senior Software Architect,"Chiswick, London W4 2AB",pass123,2024-01-15,Lifetime
Venkey,lingampally.venk.ey@gmail.com,+44 7890 123456,Life Member,Executive,Active,Senior Software Architect,"Chiswick, London W4 2AB",pass123,2024-01-15,Lifetime
Venkey,lingampally.venk.e.y@gmail.com,+44 7890 123456,Life Member,Executive,Active,Senior Software Architect,"Chiswick, London W4 2AB",pass123,2024-01-15,Lifetime
Venkey,lingampally.ven.key@gmail.com,+44 7890 123456,Life Member,Executive,Active,Senior Software Architect,"Chiswick, London W4 2AB",pass123,2024-01-15,Lifetime
Venkey,lingampally.ven.ke.y@gmail.com,+44 7890 123456,Life Member,Executive,Active,Senior Software Architect,"Chiswick, London W4 2AB",pass123,2024-01-15,Lifetime
Venkey,lingampally.ven.k.ey@gmail.com,+44 7890 123456,Life Member,Executive,Active,Senior Software Architect,"Chiswick, London W4 2AB",pass123,2024-01-15,Lifetime
Venkey,lingampally.ven.k.e.y@gmail.com,+44 7890 123456,Life Member,Executive,Active,Senior Software Architect,"Chiswick, London W4 2AB",pass123,2024-01-15,Lifetime
Venkey,lingampally.ve.nkey@gmail.com,+44 7890 123456,Life Member,Executive,Active,Senior Software Architect,"Chiswick, London W4 2AB",pass123,2024-01-15,Lifetime
Venkey,lingampally.ve.nke.y@gmail.com,+44 7890 123456,Life Member,Executive,Active,Senior Software Architect,"Chiswick, London W4 2AB",pass123,2024-01-15,Lifetime
Venkey,lingampally.ve.nk.ey@gmail.com,+44 7890 123456,Life Member,Executive,Active,Senior Software Architect,"Chiswick, London W4 2AB",pass123,2024-01-15,Lifetime
Venkey,lingampally.ve.nk.e.y@gmail.com,+44 7890 123456,Life Member,Executive,Active,Senior Software Architect,"Chiswick, London W4 2AB",pass123,2024-01-15,Lifetime
Venkey,lingampally.ve.n.key@gmail.com,+44 7890 123456,Life Member,Executive,Active,Senior Software Architect,"Chiswick, London W4 2AB",pass123,2024-01-15,Lifetime
Venkey,lingampally.ve.n.ke.y@gmail.com,+44 7890 123456,Life Member,Executive,Active,Senior Software Architect,"Chiswick, London W4 2AB",pass123,2024-01-15,Lifetime
Venkey,lingampally.ve.n.k.ey@gmail.com,+44 7890 123456,Life Member,Executive,Active,Senior Software Architect,"Chiswick, London W4 2AB",pass123,2024-01-15,Lifetime
Venkey,lingampally.ve.n.k.e.y@gmail.com,+44 7890 123456,Life Member,Executive,Active,Senior Software Architect,"Chiswick, London W4 2AB",pass123,2024-01-15,Lifetime
Venkey,lingampally.v.enkey@gmail.com,+44 7890 123456,Life Member,Executive,Active,Senior Software Architect,"Chiswick, London W4 2AB",pass123,2024-01-15,Lifetime
Venkey,lingampally.v.enke.y@gmail.com,+44 7890 123456,Life Member,Executive,Active,Senior Software Architect,"Chiswick, London W4 2AB",pass123,2024-01-15,Lifetime
Venkey,lingampally.v.enk.ey@gmail.com,+44 7890 123456,Life Member,Executive,Active,Senior Software Architect,"Chiswick, London W4 2AB",pass123,2024-01-15,Lifetime
Venkey,lingampally.v.enk.e.y@gmail.com,+44 7890 123456,Life Member,Executive,Active,Senior Software Architect,"Chiswick, London W4 2AB",pass123,2024-01-15,Lifetime
Venkey,lingampally.v.en.key@gmail.com,+44 7890 123456,Life Member,Executive,Active,Senior Software Architect,"Chiswick, London W4 2AB",pass123,2024-01-15,Lifetime
Venkey,lingampally.v.en.ke.y@gmail.com,+44 7890 123456,Life Member,Executive,Active,Senior Software Architect,"Chiswick, London W4 2AB",pass123,2024-01-15,Lifetime
Venkey,lingampally.v.en.k.ey@gmail.com,+44 7890 123456,Life Member,Executive,Active,Senior Software Architect,"Chiswick, London W4 2AB",pass123,2024-01-15,Lifetime
Venkey,lingampally.v.en.k.e.y@gmail.com,+44 7890 123456,Life Member,Executive,Active,Senior Software Architect,"Chiswick, London W4 2AB",pass123,2024-01-15,Lifetime
Venkey,lingampally.v.e.nkey@gmail.com,+44 7890 123456,Life Member,Executive,Active,Senior Software Architect,"Chiswick, London W4 2AB",pass123,2024-01-15,Lifetime
Venkey,lingampally.v.e.nke.y@gmail.com,+44 7890 123456,Life Member,Executive,Active,Senior Software Architect,"Chiswick, London W4 2AB",pass123,2024-01-15,Lifetime
Venkey,lingampally.v.e.nk.ey@gmail.com,+44 7890 123456,Life Member,Executive,Active,Senior Software Architect,"Chiswick, London W4 2AB",pass123,2024-01-15,Lifetime
Venkey,lingampally.v.e.nk.e.y@gmail.com,+44 7890 123456,Life Member,Executive,Active,Senior Software Architect,"Chiswick, London W4 2AB",pass123,2024-01-15,Lifetime
Venkey,lingampally.v.e.n.key@gmail.com,+44 7890 123456,Life Member,Executive,Active,Senior Software Architect,"Chiswick, London W4 2AB",pass123,2024-01-15,Lifetime
Venkey,lingampally.v.e.n.ke.y@gmail.com,+44 7890 123456,Life Member,Executive,Active,Senior Software Architect,"Chiswick, London W4 2AB",pass123,2024-01-15,Lifetime
Venkey,lingampally.v.e.n.k.ey@gmail.com,+44 7890 123456,Life Member,Executive,Active,Senior Software Architect,"Chiswick, London W4 2AB",pass123,2024-01-15,Lifetime
Venkey,lingampally.v.e.n.k.e.y@gmail.com,+44 7890 123456,Life Member,Executive,Active,Senior Software Architect,"Chiswick, London W4 2AB",pass123,2024-01-15,Lifetime
Venkey,lingampall.yvenkey@gmail.com,+44 7890 123456,Life Member,Executive,Active,Senior Software Architect,"Chiswick, London W4 2AB",pass123,2024-01-15,Lifetime
Venkey,lingampall.yvenke.y@gmail.com,+44 7890 123456,Life Member,Executive,Active,Senior Software Architect,"Chiswick, London W4 2AB",pass123,2024-01-15,Lifetime
Venkey,lingampall.yvenk.ey@gmail.com,+44 7890 123456,Life Member,Executive,Active,Senior Software Architect,"Chiswick, London W4 2AB",pass123,2024-01-15,Lifetime
Venkey,lingampall.yvenk.e.y@gmail.com,+44 7890 123456,Life Member,Executive,Active,Senior Software Architect,"Chiswick, London W4 2AB",pass123,2024-01-15,Lifetime
Venkey,lingampall.yven.key@gmail.com,+44 7890 123456,Life Member,Executive,Active,Senior Software Architect,"Chiswick, London W4 2AB",pass123,2024-01-15,Lifetime
Venkey,lingampall.yven.ke.y@gmail.com,+44 7890 123456,Life Member,Executive,Active,Senior Software Architect,"Chiswick, London W4 2AB",pass123,2024-01-15,Lifetime
Venkey,lingampall.yven.k.ey@gmail.com,+44 7890 123456,Life Member,Executive,Active,Senior Software Architect,"Chiswick, London W4 2AB",pass123,2024-01-15,Lifetime
Venkey,lingampall.yven.k.e.y@gmail.com,+44 7890 123456,Life Member,Executive,Active,Senior Software Architect,"Chiswick, London W4 2AB",pass123,2024-01-15,Lifetime
Venkey,lingampall.yve.nkey@gmail.com,+44 7890 123456,Life Member,Executive,Active,Senior Software Architect,"Chiswick, London W4 2AB",pass123,2024-01-15,Lifetime
Venkey,lingampall.yve.nke.y@gmail.com,+44 7890 123456,Life Member,Executive,Active,Senior Software Architect,"Chiswick, London W4 2AB",pass123,2024-01-15,Lifetime
Venkey,lingampall.yve.nk.ey@gmail.com,+44 7890 123456,Life Member,Executive,Active,Senior Software Architect,"Chiswick, London W4 2AB",pass123,2024-01-15,Lifetime